{"cameraMode":{"drawMode":0,"name":"Shaded","section":"Shading Mode"},"sceneLighting":false,"audioPlay":false,"sceneViewState":{"showFog":true,"showMaterialUpdate":false,"showSkybox":false,"showFlares":true,"showImageEffects":true,"showParticleSystems":true},"in2DMode":false,"pivot":{"x":24.489273071289064,"y":67.31747436523438,"z":149.97056579589845},"rotation":{"x":-0.00014436697529163212,"y":0.9996901750564575,"z":-0.007808985188603401,"w":-0.02489824779331684},"size":145.94424438476563,"orthographic":false}