{"cameraMode":{"drawMode":0,"name":"Shaded","section":"Shading Mode"},"sceneLighting":false,"audioPlay":false,"sceneViewState":{"showFog":true,"showMaterialUpdate":false,"showSkybox":false,"showFlares":true,"showImageEffects":true,"showParticleSystems":true},"in2DMode":false,"pivot":{"x":1.9857091903686524,"y":-1.252970576286316,"z":5.472683906555176},"rotation":{"x":0.007920913398265839,"y":-0.991057276725769,"z":0.06879932433366776,"w":0.11408162862062454},"size":0.8660253882408142,"orthographic":false}