{"cameraMode":{"drawMode":0,"name":"Shaded","section":"Shading Mode"},"sceneLighting":false,"audioPlay":false,"sceneViewState":{"showFog":true,"showMaterialUpdate":false,"showSkybox":false,"showFlares":true,"showImageEffects":true,"showParticleSystems":true},"in2DMode":false,"pivot":{"x":-26.699148178100587,"y":23.41917610168457,"z":-26.57970428466797},"rotation":{"x":0.017346616834402086,"y":0.977785587310791,"z":-0.09002464264631272,"w":0.18853719532489777},"size":1.8055471181869507,"orthographic":false}