{"cameraMode":{"drawMode":0,"name":"Shaded","section":"Shading Mode"},"sceneLighting":true,"audioPlay":false,"sceneViewState":{"showFog":true,"showMaterialUpdate":false,"showSkybox":true,"showFlares":true,"showImageEffects":true,"showParticleSystems":true},"in2DMode":false,"pivot":{"x":-80.89190673828125,"y":-593.596435546875,"z":-291.2855529785156},"rotation":{"x":-0.2246013879776001,"y":0.7387118339538574,"z":-0.5630938410758972,"w":-0.2946314513683319},"size":1809.1136474609375,"orthographic":false}