{"cameraMode":{"drawMode":0,"name":"Shaded","section":"Shading Mode"},"sceneLighting":false,"audioPlay":false,"sceneViewState":{"showFog":true,"showMaterialUpdate":false,"showSkybox":false,"showFlares":true,"showImageEffects":true,"showParticleSystems":true},"in2DMode":false,"pivot":{"x":-25.696199417114259,"y":23.479522705078126,"z":-30.324970245361329},"rotation":{"x":0.07557828724384308,"y":0.6910789608955383,"z":-0.07305555045604706,"w":0.7151060700416565},"size":1.4142135381698609,"orthographic":false}