{"cameraMode":{"drawMode":0,"name":"Shaded","section":"Shading Mode"},"sceneLighting":true,"audioPlay":false,"sceneViewState":{"showFog":true,"showMaterialUpdate":false,"showSkybox":true,"showFlares":true,"showImageEffects":true,"showParticleSystems":true},"in2DMode":false,"pivot":{"x":4.813417911529541,"y":26.398473739624025,"z":24.31226348876953},"rotation":{"x":0.0022655713837593796,"y":0.9330986142158508,"z":-0.3595651686191559,"w":0.005879533477127552},"size":10.0,"orthographic":false}